AUC,F1,Balanced_Acc,MCC,Precision,Recall,feature_selector,classifier
0.5978260869565217,0.37499999999999994,0.5978260869565217,0.166742926870459,0.3,0.5,distance_correlation,LDA
0.4565217391304348,0.0,0.45652173913043476,-0.13900960937138318,0.0,0.0,lasso,LDA
0.6014492753623187,0.3636363636363636,0.6014492753623188,0.21758445525607323,0.4,0.3333333333333333,xgboost,LDA
0.5,0.0,0.5,0.0,0.0,0.0,random_forest,LDA
