AUC,F1,Balanced_Acc,MCC,Precision,Recall,feature_selector,classifier
0.6014492753623187,0.3636363636363636,0.6014492753623188,0.21758445525607323,0.4,0.3333333333333333,distance_correlation,logistic
0.45289855072463764,0.15384615384615383,0.45289855072463764,-0.08917506789905703,0.14285714285714285,0.16666666666666666,lasso,logistic
0.6630434782608695,0.4615384615384615,0.6630434782608696,0.3086829273428897,0.42857142857142855,0.5,xgboost,logistic
0.5579710144927537,0.30769230769230765,0.5579710144927537,0.10975392972191635,0.2857142857142857,0.3333333333333333,random_forest,logistic
