AUC,F1,Balanced_Acc,MCC,Precision,Recall,feature_selector,classifier
0.5978260869565217,0.37499999999999994,0.5978260869565217,0.166742926870459,0.3,0.5,distance_correlation,SVM
0.43478260869565216,0.0,0.43478260869565216,-0.17349447958987207,0.0,0.0,lasso,SVM
0.7028985507246377,0.5,0.7028985507246377,0.3458371816572483,0.4,0.6666666666666666,xgboost,SVM
0.5398550724637682,0.2222222222222222,0.5398550724637681,0.1060244041938107,0.3333333333333333,0.16666666666666666,random_forest,SVM
